<configuration>

	<property name="LOG_FILE" value="gateway-output-connector" />
	<appender name="FILE" class="ch.qos.logback.core.rolling.RollingFileAppender">
		<file>${LOG_FILE}.log</file>
		<rollingPolicy class="ch.qos.logback.core.rolling.TimeBasedRollingPolicy">
			<!-- daily rollover -->
			<fileNamePattern>${LOG_FILE}.%d{yyyy-MM-dd}.gz</fileNamePattern>
			<!-- keep 30 days' worth of history capped at 3GB total size -->
			<maxHistory>30</maxHistory>
			<totalSizeCap>3GB</totalSizeCap>
		</rollingPolicy>
		<encoder>
			<pattern>%d{HH:mm:ss.SSS} [%thread] %-5level %logger{36} - %msg%n</pattern>
			<charset>UTF-8</charset>
		</encoder>
	</appender> 

	<appender name="STDOUT" class="ch.qos.logback.core.ConsoleAppender">
		<encoder>
			<pattern>%d{HH:mm:ss.SSS} [%thread] %-5level %logger{36} - %msg%n</pattern>
			<charset>UTF-8</charset>
		</encoder>
	</appender>

	<root>
		<level value="INFO" />
		<appender-ref ref="FILE" />
		<!-- <appender-ref ref="STDOUT" /> -->
	</root>

</configuration>
