<?xml version="1.0" encoding="UTF-8"?>
<assembly xmlns="http://maven.apache.org/ASSEMBLY/2.1.0"
          xmlns:xsi="http://www.w3.org/2001/XMLSchema-instance"
          xsi:schemaLocation="http://maven.apache.org/ASSEMBLY/2.1.0 http://maven.apache.org/xsd/assembly-2.1.0.xsd">
	<id>connector</id>
	<formats>
		<format>zip</format>
	</formats>
	<includeBaseDirectory>false</includeBaseDirectory>
	<files>
		<file>
			<source>src/main/resources/logback-connector.xml</source>
			<outputDirectory>.</outputDirectory>
			<destName>logback.xml</destName>
		</file>
	</files>
	<fileSets>
		<fileSet>
			<directory>src/main/resources</directory>
			<outputDirectory>.</outputDirectory>
			<includes>
				<include>*.o</include>
				<include>*.or</include>
				<include>gateway.properties</include>
				<include>java.properties</include>
			</includes>
		</fileSet>
	</fileSets>
	<dependencySets>
		<!-- include dependency jar files to distribution -->
		<dependencySet>
			<outputDirectory>.</outputDirectory>
			<unpack>false</unpack>
			<scope>runtime</scope>
		</dependencySet>
	</dependencySets>

</assembly>