<?xml version="1.0" encoding="UTF-8"?>
<assembly xmlns="http://maven.apache.org/plugins/maven-assembly-plugin/assembly/1.1.3" 
  xmlns:xsi="http://www.w3.org/2001/XMLSchema-instance"
  xsi:schemaLocation="http://maven.apache.org/plugins/maven-assembly-plugin/assembly/1.1.3 http://maven.apache.org/xsd/assembly-1.1.3.xsd">

	<id>source</id>
	<formats>
		<format>zip</format>
	</formats>
  <includeBaseDirectory>false</includeBaseDirectory>
	<fileSets>
		<fileSet>
			<directory>src</directory>
			<outputDirectory>src</outputDirectory>
		</fileSet>
		<fileSet>
			<directory>.</directory>
			<outputDirectory>.</outputDirectory>
			<includes>
				<include>pom.xml</include>
			</includes>
		</fileSet>
	</fileSets>
	
</assembly>